participant_id	age	sex
sub-001	60	F
sub-002	67	M
sub-003	44	F
sub-004	24	F
sub-005	48	F
sub-006	57	F
sub-007	24	F
sub-010	23	F
sub-011	50	F
sub-012	33	M
sub-014	64	M
sub-015	61	F
sub-016	32	M
sub-017	50	M
sub-018	20	F
sub-019	42	F
sub-020	68	M
sub-021	23	F
sub-022	60	M
sub-023	31	F
sub-024	47	F
sub-025	26	F
sub-028	48	M
sub-029	36	F
sub-030	62	F
sub-031	26	F
sub-032	20	F
sub-033	32	M
sub-034	41	M
sub-035	36	M
sub-036	53	F
sub-039	55	M
sub-040	48	M
sub-041	53	M
sub-042	22	F
sub-043	40	M
sub-044	27	F
sub-045	47	F
sub-046	49	F
sub-047	67	M
sub-048	53	M
sub-050	59	F
sub-051	58	F
sub-052	59	F
sub-053	42	F
sub-054	31	M
sub-056	52	F
sub-057	67	F
sub-058	62	F
sub-059	60	M
sub-060	51	F
sub-061	46	M
sub-062	31	M
sub-063	27	M
sub-065	50	F
sub-066	33	F
sub-067	20	F
sub-068	42	M
sub-069	47	M
sub-070	70	M
sub-071	64	F
sub-072	33	F
sub-073	35	F
sub-074	56	F
sub-075	56	F
sub-076	56	M
sub-077	64	M
sub-078	50	F
sub-079	33	F
sub-080	64	F
sub-081	48	M
sub-082	26	F
sub-083	62	F
sub-084	28	F
sub-086	31	F
sub-087	51	F
sub-088	40	F
sub-089	31	M
sub-090	60	F
sub-091	27	M
sub-092	40	F
sub-094	51	F
sub-095	54	F
sub-098	59	F
sub-099	20	F
sub-100	65	M
sub-101	49	F
sub-102	28	F
sub-103	23	M
sub-104	63	M
sub-105	22	F
sub-107	35	M
sub-109	44	F
sub-110	26	M
sub-111	67	M
sub-112	70	F
sub-113	40	M
sub-114	27	M
sub-115	59	F
sub-116	37	F
sub-117	59	M
sub-118	30	F
sub-119	54	F
sub-120	70	M
sub-121	21	F
sub-122	48	M
sub-123	50	F
sub-124	62	M
sub-125	70	M
sub-126	70	F
sub-127	45	F
sub-128	30	M
sub-129	40	F
sub-130	25	M
sub-131	65	F
sub-132	56	M
sub-133	68	F
sub-134	24	F
sub-135	53	M
sub-136	24	F
sub-137	35	M
sub-139	67	M
sub-140	46	F
sub-141	61	F
sub-144	25	F
sub-145	60	M
sub-146	33	F
sub-147	40	M
sub-148	25	F
sub-149	21	F
sub-150	40	F
sub-151	53	M
sub-152	54	M
sub-153	29	F
sub-154	51	M
sub-155	62	M
sub-157	57	F
sub-158	35	F
sub-159	29	F
sub-160	57	M
sub-161	34	F
sub-162	53	M
sub-163	20	F
sub-164	67	F
sub-165	49	F
sub-166	57	M
sub-167	60	M
sub-168	50	F
sub-169	63	F
sub-170	59	F
sub-171	59	F
sub-172	31	F
sub-173	33	F
sub-174	34	M
sub-175	25	F
sub-177	45	F
sub-178	30	F
sub-180	33	F
sub-181	37	M
sub-182	63	F
sub-184	29	F
sub-185	31	M
sub-186	61	F
sub-187	20	F
sub-188	43	F
sub-189	24	F
sub-190	48	M
sub-191	59	F
sub-192	26	F
sub-193	31	F
sub-194	46	F
sub-195	60	F
sub-196	47	F
sub-197	57	M
sub-198	48	F
sub-199	31	F
sub-200	50	F
sub-201	37	F
sub-203	67	F
sub-204	23	F
sub-205	65	F
sub-206	33	M
sub-208	23	M
sub-209	20	F
sub-210	42	M
sub-211	58	F
sub-212	45	F
sub-213	66	M
sub-214	44	M
sub-215	56	M
sub-216	39	M
sub-217	36	F
sub-218	21	F
sub-219	20	M
sub-221	24	F
sub-223	26	F
sub-225	43	F
sub-227	58	M
sub-228	58	F
sub-229	46	F
sub-231	40	M
sub-232	38	F
sub-234	68	F
sub-235	27	F
sub-236	57	F
sub-237	26	M
sub-238	35	F
sub-239	42	F
sub-240	34	F
sub-241	61	F
sub-242	59	M
sub-243	27	F
sub-244	65	F
sub-246	64	F
sub-247	41	F
sub-248	26	F
sub-249	53	F
sub-250	54	F
sub-251	51	F
sub-252	51	F
sub-253	29	M
sub-254	52	M
sub-255	30	M
sub-256	45	F
sub-257	49	F
sub-258	33	M
sub-259	46	F
sub-260	32	F
sub-261	29	F
sub-262	50	M
sub-263	41	F
sub-264	26	F
sub-265	62	M
sub-266	44	F
sub-267	26	M
sub-268	53	F
sub-269	52	M
sub-271	66	M
sub-272	39	F
sub-273	26	F
sub-274	26	F
sub-275	22	F
sub-276	58	F
sub-277	32	F
sub-280	50	M
sub-281	31	M
sub-282	52	F
sub-283	64	F
sub-284	34	F
sub-285	46	M
sub-287	68	M
sub-288	57	F
sub-289	24	M
sub-290	29	M
sub-291	50	F
sub-292	57	F
sub-294	48	F
sub-295	65	F
sub-297	38	M
sub-298	49	M
sub-299	35	M
sub-300	45	F
sub-301	40	M
sub-302	50	F
sub-303	30	F
sub-304	50	F
sub-305	42	M
sub-307	37	M
sub-308	25	M
sub-309	60	M
sub-310	52	F
sub-311	46	F
sub-312	65	F
sub-313	51	F
sub-314	30	F
sub-315	57	F
sub-316	62	M
sub-317	70	F
sub-318	67	F
sub-319	49	M
sub-320	62	F
sub-321	51	F
sub-322	41	F
sub-323	56	M
sub-325	24	M
sub-326	43	F
sub-328	48	F
sub-330	29	F
sub-331	64	F
sub-332	27	F
sub-333	39	M
sub-334	58	F
sub-335	40	M
sub-337	30	M
sub-338	30	M
sub-339	65	F
sub-340	52	F
sub-341	51	M
sub-342	26	M
sub-343	29	F
sub-344	51	M
sub-345	27	F
sub-346	60	M
sub-347	29	M
sub-348	32	F
sub-349	65	F
sub-350	36	F
sub-351	47	F
sub-352	28	F
sub-353	24	F
sub-354	25	F
sub-355	56	F
sub-361	36	M
sub-363	23	F
sub-364	34	M
sub-365	33	M
sub-366	50	F
sub-367	24	F
sub-368	60	F
sub-370	66	F
sub-371	23	M
sub-373	32	F
sub-374	27	F
sub-375	46	F
sub-376	60	M
sub-377	47	F
sub-378	37	M
sub-379	56	F
sub-380	55	F
sub-381	27	M
sub-382	64	M
sub-383	48	F
sub-385	41	F
sub-386	60	M
sub-387	20	F
sub-388	22	F
sub-389	67	M
sub-390	36	F
sub-391	49	M
sub-394	49	F
sub-395	45	M
sub-396	43	F
sub-397	25	F
sub-399	55	M
sub-400	46	F
sub-401	56	M
sub-402	50	F
sub-403	60	F
sub-404	47	F
sub-405	52	F
sub-406	58	F
sub-407	20	F
sub-408	23	F
sub-409	37	M
sub-410	37	M
sub-411	32	F
sub-412	68	M
sub-413	35	M
sub-414	54	F
sub-415	62	F
sub-416	28	F
sub-417	25	F
sub-418	46	F
sub-419	52	F
sub-420	53	F
sub-421	37	F
sub-422	25	F
sub-423	51	F
sub-426	30	M
sub-427	22	F
sub-428	55	F
sub-429	24	F
sub-431	23	F
sub-433	67	F
sub-434	36	F
sub-435	35	F
sub-436	26	F
sub-437	31	M
sub-438	70	M
sub-439	23	M
sub-440	35	M
sub-442	63	F
sub-443	27	F
sub-444	42	M
sub-445	46	M
sub-446	20	F
sub-447	61	F
sub-448	58	F
sub-449	23	M
sub-450	47	F
sub-451	27	F
sub-452	41	M
sub-453	34	M
sub-454	69	M
sub-455	63	F
sub-456	21	F
sub-457	42	M
sub-458	31	M
sub-459	32	F
sub-460	60	M
sub-461	41	F
sub-462	58	M
sub-463	37	F
sub-464	50	F
sub-465	48	F
sub-466	59	M
sub-467	33	F
sub-468	54	F
sub-469	32	F
sub-470	70	M
sub-471	29	M
sub-472	37	M
sub-473	62	M
sub-475	47	M
sub-476	52	F
sub-477	43	F
sub-478	42	F
sub-479	39	F
sub-481	70	F
sub-482	32	F
sub-483	30	M
sub-485	36	F
sub-486	69	M
sub-487	55	M
sub-488	25	F
sub-489	58	F
sub-492	29	F
sub-493	24	F
sub-494	59	M
sub-495	36	F
sub-496	33	F
sub-497	29	M
sub-498	56	F
sub-499	58	F
sub-500	32	M
sub-501	49	F
sub-502	38	F
sub-503	48	F
sub-504	40	F
sub-505	62	F
sub-506	30	M
sub-507	57	F
sub-508	54	F
sub-509	69	M
sub-510	52	F
sub-511	66	M
sub-512	40	F
sub-513	58	F
sub-514	48	F
sub-515	26	F
sub-516	30	M
sub-517	66	M
sub-518	48	M
sub-519	48	F
sub-520	70	M
sub-522	24	F
sub-523	62	F
sub-524	47	M
sub-525	44	F
sub-527	52	M
sub-528	56	M
sub-529	20	M
sub-530	26	F
sub-531	45	F
sub-532	30	F
sub-533	36	F
sub-534	43	M
sub-535	31	F
sub-536	24	F
sub-537	61	M
sub-538	48	F
sub-539	27	F
sub-540	32	F
sub-541	45	F
sub-543	57	M
sub-544	32	F
sub-545	47	M
sub-546	53	F
sub-547	53	F
sub-548	46	M
sub-549	53	M
sub-550	63	M
sub-551	62	F
sub-553	23	F
sub-554	29	F
sub-555	70	F
sub-556	60	M
sub-557	64	M
sub-558	70	M
sub-559	61	M
sub-560	27	F
sub-561	51	F
sub-562	31	M
sub-563	70	M
sub-564	49	F
sub-566	64	M
sub-567	52	F
sub-568	54	F
sub-569	26	F
sub-570	49	M
sub-571	61	M
sub-572	49	F
sub-573	30	F
sub-574	40	F
sub-576	54	M
sub-577	51	F
sub-578	24	M
sub-580	20	F
sub-581	37	M
sub-583	64	M
sub-584	28	F
sub-585	50	M
sub-586	41	M
sub-587	69	M
sub-588	40	F
sub-589	31	F
sub-591	49	F
sub-592	68	M
sub-593	26	F
sub-594	24	F
sub-595	65	M
sub-597	31	F
sub-598	33	M
sub-599	67	F
sub-600	35	F
sub-601	37	F
sub-603	55	M
sub-604	29	M
sub-605	51	M
sub-606	61	F
sub-607	66	M
