participant_id,snapshot_commit,snapshot_version,annex_signal_bytes,annex_digest,vhdr_bytes,vmrk_bytes,bids_duration_s,brainvision_duration_s,sampling_hz,reference,json_eeg_channels,channels_tsv_count,vhdr_channel_count,has_O1,has_Oz,has_O2,required_posterior_channels,event_count,sync_status_event_count,brainvision_new_segment_markers,structurally_compatible
sub-01,0c740d838a2c33feeec0b6e514aea323d0e65ca4,1.0.0,36600000,0fceeb9eb4163b86b815061f8fff80d7,1122,5960,300,300,500.0,FCz,64,61,61,True,True,True,True,151,150,0,True
sub-02,0c740d838a2c33feeec0b6e514aea323d0e65ca4,1.0.0,36600000,afc315cd4fbd76f2788a67fe31be9d8d,1122,477,300,300,500.0,FCz,61,61,61,True,True,True,True,1,0,0,True
sub-03,0c740d838a2c33feeec0b6e514aea323d0e65ca4,1.0.0,36600000,4ca2b5bab215101621ddf023f31ba042,1122,477,300,300,500.0,FCz,61,61,61,True,True,True,True,1,0,0,True
sub-04,0c740d838a2c33feeec0b6e514aea323d0e65ca4,1.0.0,36600000,8a7314e14dcaabc117de238ebec6841f,1122,477,300,300,500.0,FCz,61,61,61,True,True,True,True,1,0,0,True
sub-05,0c740d838a2c33feeec0b6e514aea323d0e65ca4,1.0.0,36600000,74110a6073d77416ebbe4aac39afdc13,1122,477,300,300,500.0,FCz,61,61,61,True,True,True,True,1,0,0,True
sub-06,0c740d838a2c33feeec0b6e514aea323d0e65ca4,1.0.0,36600000,38919cd829cc7975787ea119b70bef2d,1122,477,300,300,500.0,FCz,61,61,61,True,True,True,True,1,0,0,True
sub-07,0c740d838a2c33feeec0b6e514aea323d0e65ca4,1.0.0,36600000,8b338778b66d2e75dcad4f2715de3b22,1122,477,300,300,500.0,FCz,61,61,61,True,True,True,True,1,0,0,True
sub-08,0c740d838a2c33feeec0b6e514aea323d0e65ca4,1.0.0,36600000,0b27287792d6adf0f30054df50eefb9c,1122,477,300,300,500.0,FCz,61,61,61,True,True,True,True,1,0,0,True
sub-09,0c740d838a2c33feeec0b6e514aea323d0e65ca4,1.0.0,36600000,b72017446442c700bfa852ccb2d9c99d,1122,477,300,300,500.0,FCz,61,61,61,True,True,True,True,1,0,0,True
sub-10,0c740d838a2c33feeec0b6e514aea323d0e65ca4,1.0.0,36600000,6b9da1894e9246ce2998c10e904bc14f,1122,477,300,300,500.0,FCz,61,61,61,True,True,True,True,1,0,0,True
sub-11,0c740d838a2c33feeec0b6e514aea323d0e65ca4,1.0.0,36600000,717a82a7548d09acd9cdbd83efe73160,1122,477,300,300,500.0,FCz,61,61,61,True,True,True,True,1,0,0,True
sub-12,0c740d838a2c33feeec0b6e514aea323d0e65ca4,1.0.0,36600000,1c11a62afad771f104c210041c801bbe,1122,477,300,300,500.0,FCz,61,61,61,True,True,True,True,1,0,0,True
sub-13,0c740d838a2c33feeec0b6e514aea323d0e65ca4,1.0.0,36600000,61c78afc952f892746c87f7d3d6d0947,1122,477,300,300,500.0,FCz,61,61,61,True,True,True,True,1,0,0,True
sub-14,0c740d838a2c33feeec0b6e514aea323d0e65ca4,1.0.0,36600000,711d3ca94c501898331d6553bb81fa9c,1122,477,300,300,500.0,FCz,61,61,61,True,True,True,True,1,0,0,True
sub-15,0c740d838a2c33feeec0b6e514aea323d0e65ca4,1.0.0,36600000,a82f3420a7a2298c8d12c3cfcb4895b9,1122,477,300,300,500.0,FCz,61,61,61,True,True,True,True,1,0,0,True
sub-16,0c740d838a2c33feeec0b6e514aea323d0e65ca4,1.0.0,36600000,7bbd12e66d8820b23fac8da9bd200adc,1122,477,300,300,500.0,FCz,61,61,61,True,True,True,True,1,0,0,True
sub-17,0c740d838a2c33feeec0b6e514aea323d0e65ca4,1.0.0,36600000,404476455862074e65e72ddd3c746522,1122,477,300,300,500.0,FCz,61,61,61,True,True,True,True,1,0,0,True
sub-18,0c740d838a2c33feeec0b6e514aea323d0e65ca4,1.0.0,36600000,7c572bd9eb0692fd7ef684c16cc9322f,1122,477,300,300,500.0,FCz,61,61,61,True,True,True,True,1,0,0,True
sub-19,0c740d838a2c33feeec0b6e514aea323d0e65ca4,1.0.0,36600000,5bde6724942dfe695c974d5f987fd975,1122,477,300,300,500.0,FCz,61,61,61,True,True,True,True,1,0,0,True
sub-20,0c740d838a2c33feeec0b6e514aea323d0e65ca4,1.0.0,36600000,8207cb27f445156ad24c9e98a520386e,1122,477,300,300,500.0,FCz,61,61,61,True,True,True,True,1,0,0,True
sub-21,0c740d838a2c33feeec0b6e514aea323d0e65ca4,1.0.0,36600000,fdd3cdff00b1b8b5d026e8dcabb313ba,1122,477,300,300,500.0,FCz,61,61,61,True,True,True,True,1,0,0,True
sub-22,0c740d838a2c33feeec0b6e514aea323d0e65ca4,1.0.0,36600000,f89ea26bb161ca03d869b10573fda363,1122,477,300,300,500.0,FCz,61,61,61,True,True,True,True,1,0,0,True
sub-23,0c740d838a2c33feeec0b6e514aea323d0e65ca4,1.0.0,36600000,42bb7772ecc065d2e032d523e9ac83bc,1122,477,300,300,500.0,FCz,60,61,61,True,True,True,True,1,0,0,True
sub-24,0c740d838a2c33feeec0b6e514aea323d0e65ca4,1.0.0,36600000,a7106065c3adc1d1e17d0a63a32729cc,1122,477,300,300,500.0,FCz,61,61,61,True,True,True,True,1,0,0,True
sub-25,0c740d838a2c33feeec0b6e514aea323d0e65ca4,1.0.0,36600000,f1b709a298ae97561f82e91c68308243,1122,477,300,300,500.0,FCz,61,61,61,True,True,True,True,1,0,0,True
sub-26,0c740d838a2c33feeec0b6e514aea323d0e65ca4,1.0.0,36600000,d7179c72805a129a26c916e04728fb53,1122,477,300,300,500.0,FCz,60,61,61,True,True,True,True,1,0,0,True
sub-27,0c740d838a2c33feeec0b6e514aea323d0e65ca4,1.0.0,36600000,48193873e5564fd149f2645e8f139f40,1122,477,300,300,500.0,FCz,61,61,61,True,True,True,True,1,0,0,True
sub-28,0c740d838a2c33feeec0b6e514aea323d0e65ca4,1.0.0,36600000,b6bb527ea5eab3639016c58a2ec2270a,1122,477,300,300,500.0,FCz,60,61,61,True,True,True,True,1,0,0,True
sub-29,0c740d838a2c33feeec0b6e514aea323d0e65ca4,1.0.0,36600000,968982df0a291a522935ebd16b7c2f09,1122,477,300,300,500.0,FCz,60,61,61,True,True,True,True,1,0,0,True
sub-30,0c740d838a2c33feeec0b6e514aea323d0e65ca4,1.0.0,36600000,2554e778ff4891dd1d14aa23caa6adc6,1122,477,300,300,500.0,FCz,61,61,61,True,True,True,True,1,0,0,True
sub-31,0c740d838a2c33feeec0b6e514aea323d0e65ca4,1.0.0,36600000,bfa6bbc41205e3c99bacbdad6bbff9a6,1122,477,300,300,500.0,FCz,61,61,61,True,True,True,True,1,0,0,True
sub-32,0c740d838a2c33feeec0b6e514aea323d0e65ca4,1.0.0,36600000,136c98ebf145aa9828e25b760252a910,1122,477,300,300,500.0,FCz,61,61,61,True,True,True,True,1,0,0,True
sub-33,0c740d838a2c33feeec0b6e514aea323d0e65ca4,1.0.0,36600000,09f8fe16392654af50844aa0c112221a,1122,477,300,300,500.0,FCz,60,61,61,True,True,True,True,1,0,0,True
sub-34,0c740d838a2c33feeec0b6e514aea323d0e65ca4,1.0.0,36600000,9558ff5b85ee57f791f89ea7cbecd648,1122,477,300,300,500.0,FCz,61,61,61,True,True,True,True,1,0,0,True
sub-35,0c740d838a2c33feeec0b6e514aea323d0e65ca4,1.0.0,36600000,8e2eea6134125fc425b4717e26c494fe,1122,477,300,300,500.0,FCz,61,61,61,True,True,True,True,1,0,0,True
sub-36,0c740d838a2c33feeec0b6e514aea323d0e65ca4,1.0.0,36600000,9cae506026491e9f254b0f01957d495f,1122,477,300,300,500.0,FCz,61,61,61,True,True,True,True,1,0,0,True
sub-37,0c740d838a2c33feeec0b6e514aea323d0e65ca4,1.0.0,36600000,f1e470064f75e7d6aa1c32916f145d35,1122,477,300,300,500.0,FCz,60,61,61,True,True,True,True,1,0,0,True
sub-38,0c740d838a2c33feeec0b6e514aea323d0e65ca4,1.0.0,36600000,8f7a1ce7694519320b564e639ff67182,1122,477,300,300,500.0,FCz,60,61,61,True,True,True,True,1,0,0,True
sub-39,0c740d838a2c33feeec0b6e514aea323d0e65ca4,1.0.0,36600000,2bc3887904a3defabdbf2439550223ea,1122,477,300,300,500.0,FCz,61,61,61,True,True,True,True,1,0,0,True
sub-40,0c740d838a2c33feeec0b6e514aea323d0e65ca4,1.0.0,36600000,a1c0e6abd806392f1a37be89539e3f1a,1122,477,300,300,500.0,FCz,61,61,61,True,True,True,True,1,0,0,True
sub-41,0c740d838a2c33feeec0b6e514aea323d0e65ca4,1.0.0,36600000,e67caa6adc72283eff874a2cf3d91381,1122,477,300,300,500.0,FCz,60,61,61,True,True,True,True,1,0,0,True
sub-42,0c740d838a2c33feeec0b6e514aea323d0e65ca4,1.0.0,36600000,6654d82ba5acac22601bae7b50ef279c,1122,477,300,300,500.0,FCz,60,61,61,True,True,True,True,1,0,0,True
sub-43,0c740d838a2c33feeec0b6e514aea323d0e65ca4,1.0.0,36600000,df06b3d6f4440ecea62ea67f64a1a3b6,1122,477,300,300,500.0,FCz,61,61,61,True,True,True,True,1,0,0,True
sub-44,0c740d838a2c33feeec0b6e514aea323d0e65ca4,1.0.0,36600000,103ce0e48c515954571ccf6d17a335fa,1122,477,300,300,500.0,FCz,61,61,61,True,True,True,True,1,0,0,True
sub-45,0c740d838a2c33feeec0b6e514aea323d0e65ca4,1.0.0,36600000,fc593abee54a9c52a740609b7f9208ed,1122,477,300,300,500.0,FCz,61,61,61,True,True,True,True,1,0,0,True
sub-46,0c740d838a2c33feeec0b6e514aea323d0e65ca4,1.0.0,36600000,d54c99dee9580ef8a3e2b18526a17fa7,1122,477,300,300,500.0,FCz,61,61,61,True,True,True,True,1,0,0,True
sub-47,0c740d838a2c33feeec0b6e514aea323d0e65ca4,1.0.0,36600000,8a1e9951c74420082e8577bef9b323da,1122,477,300,300,500.0,FCz,60,61,61,True,True,True,True,1,0,0,True
sub-48,0c740d838a2c33feeec0b6e514aea323d0e65ca4,1.0.0,36600000,c92ec5ae20c37adf1025213bcdfbb544,1122,477,300,300,500.0,FCz,61,61,61,True,True,True,True,1,0,0,True
sub-49,0c740d838a2c33feeec0b6e514aea323d0e65ca4,1.0.0,36600000,4b28482ef4b88410a9502c7fb5d6cd74,1122,477,300,300,500.0,FCz,61,61,61,True,True,True,True,1,0,0,True
sub-50,0c740d838a2c33feeec0b6e514aea323d0e65ca4,1.0.0,36600000,cdce279ac6424ab6772788639a623efc,1122,477,300,300,500.0,FCz,61,61,61,True,True,True,True,1,0,0,True
sub-51,0c740d838a2c33feeec0b6e514aea323d0e65ca4,1.0.0,36600000,cd790bb5103edb1bcdafeb9c2e53ff82,1122,477,300,300,500.0,FCz,61,61,61,True,True,True,True,1,0,0,True
sub-52,0c740d838a2c33feeec0b6e514aea323d0e65ca4,1.0.0,36600000,cacd40cd2bd3adbc720443af9907cc77,1122,477,300,300,500.0,FCz,60,61,61,True,True,True,True,1,0,0,True
sub-53,0c740d838a2c33feeec0b6e514aea323d0e65ca4,1.0.0,36600000,886a7ba3d99dc269d5b703f61cb9809d,1122,477,300,300,500.0,FCz,61,61,61,True,True,True,True,1,0,0,True
sub-54,0c740d838a2c33feeec0b6e514aea323d0e65ca4,1.0.0,36600000,6c4d665797c7627b8f7b6c6e9cb2134d,1122,477,300,300,500.0,FCz,61,61,61,True,True,True,True,1,0,0,True
sub-55,0c740d838a2c33feeec0b6e514aea323d0e65ca4,1.0.0,36600000,fc2a32482358ce36be3fe0bf27537ace,1122,477,300,300,500.0,FCz,61,61,61,True,True,True,True,1,0,0,True
sub-56,0c740d838a2c33feeec0b6e514aea323d0e65ca4,1.0.0,36600000,083205e21f43e35ed842600f4f33ba5e,1122,477,300,300,500.0,FCz,61,61,61,True,True,True,True,1,0,0,True
sub-57,0c740d838a2c33feeec0b6e514aea323d0e65ca4,1.0.0,36600000,09fecc1d8330eefde4d1d4007fc73ab6,1122,477,300,300,500.0,FCz,61,61,61,True,True,True,True,1,0,0,True
sub-58,0c740d838a2c33feeec0b6e514aea323d0e65ca4,1.0.0,36600000,16201bf09789d267259385671fadc2bf,1122,477,300,300,500.0,FCz,60,61,61,True,True,True,True,1,0,0,True
sub-59,0c740d838a2c33feeec0b6e514aea323d0e65ca4,1.0.0,36600000,41deba3552d1048f10a596a99849c6c7,1122,477,300,300,500.0,FCz,61,61,61,True,True,True,True,1,0,0,True
sub-60,0c740d838a2c33feeec0b6e514aea323d0e65ca4,1.0.0,36600000,7ba2ffb5126ff4e70904e1db45953517,1122,477,300,300,500.0,FCz,60,61,61,True,True,True,True,1,0,0,True
