participant_id,downloaded_bytes,sfreq,eligible_window_count,eligible_mask,window_reasons,C_valid_draws,C_unique_pairs,F5_valid_draws,F5_unique_pairs,F10_valid_draws,F10_unique_pairs,qc_eligible,qc_exclusion_reason,error
sub-001,23936896,1000.0,42,111111111111111111111111111111111111111111,,200,161,200,200,200,200,True,,
sub-002,23936896,1000.0,42,111111111111111111111111111111111111111111,,200,175,200,200,200,200,True,,
sub-003,28356896,1000.0,42,111111111111111111111111111111111111111111,,200,170,200,200,200,200,True,,
sub-004,23936896,1000.0,42,111111111111111111111111111111111111111111,,200,162,200,200,200,200,True,,
sub-005,23936896,1000.0,42,111111111111111111111111111111111111111111,,200,172,200,200,200,200,True,,
sub-006,23806896,1000.0,42,111111111111111111111111111111111111111111,,200,159,200,200,200,200,True,,
sub-007,24456896,1000.0,42,111111111111111111111111111111111111111111,,200,166,200,200,200,200,True,,
sub-010,24066896,1000.0,42,111111111111111111111111111111111111111111,,200,159,200,200,200,200,True,,
sub-011,23676896,1000.0,42,111111111111111111111111111111111111111111,,200,172,200,200,200,200,True,,
sub-012,24456896,1000.0,42,111111111111111111111111111111111111111111,,200,167,200,200,200,200,True,,
sub-014,23806896,1000.0,42,111111111111111111111111111111111111111111,,200,164,200,200,200,200,True,,
sub-015,24196896,1000.0,42,111111111111111111111111111111111111111111,,200,170,200,200,200,200,True,,
sub-016,28096896,1000.0,42,111111111111111111111111111111111111111111,,200,157,200,200,200,200,True,,
sub-017,23676896,1000.0,42,111111111111111111111111111111111111111111,,200,170,200,200,200,200,True,,
sub-018,23806896,1000.0,42,111111111111111111111111111111111111111111,,200,165,200,200,200,200,True,,
sub-019,23676896,1000.0,42,111111111111111111111111111111111111111111,,200,162,200,200,200,200,True,,
sub-020,24716896,1000.0,42,111111111111111111111111111111111111111111,,200,168,200,200,200,200,True,,
sub-021,23806896,1000.0,42,111111111111111111111111111111111111111111,,200,164,200,200,200,200,True,,
sub-022,23676896,1000.0,42,111111111111111111111111111111111111111111,,200,170,200,200,200,200,True,,
sub-023,24846896,1000.0,42,111111111111111111111111111111111111111111,,200,166,200,200,200,200,True,,
sub-024,23676896,1000.0,42,111111111111111111111111111111111111111111,,200,171,200,200,200,200,True,,
sub-025,25366896,1000.0,42,111111111111111111111111111111111111111111,,200,165,200,200,200,200,True,,
sub-026,24456896,1000.0,19,111111111111111110001000000000000000100000,17:centered_abs_gt_500uV;18:centered_abs_gt_500uV|p2p_gt_1000uV;19:centered_abs_gt_500uV;21:centered_abs_gt_500uV;22:centered_abs_gt_500uV|p2p_gt_1000uV;23:centered_abs_gt_500uV|p2p_gt_1000uV;24:centered_abs_gt_500uV|p2p_gt_1000uV;25:centered_abs_gt_500uV|p2p_gt_1000uV;26:centered_abs_gt_500uV|p2p_gt_1000uV;27:centered_abs_gt_500uV|p2p_gt_1000uV;28:centered_abs_gt_500uV|p2p_gt_1000uV;29:centered_abs_gt_500uV|p2p_gt_1000uV;30:centered_abs_gt_500uV|p2p_gt_1000uV;31:centered_abs_gt_500uV|p2p_gt_1000uV;32:centered_abs_gt_500uV|p2p_gt_1000uV;33:centered_abs_gt_500uV|p2p_gt_1000uV;34:centered_abs_gt_500uV|p2p_gt_1000uV;35:centered_abs_gt_500uV|p2p_gt_1000uV;37:centered_abs_gt_500uV;38:centered_abs_gt_500uV|p2p_gt_1000uV;39:centered_abs_gt_500uV|p2p_gt_1000uV;40:centered_abs_gt_500uV|p2p_gt_1000uV;41:centered_abs_gt_500uV|p2p_gt_1000uV,0,0,0,0,0,0,False,insufficient_legal_draw_support,
sub-028,24976896,1000.0,42,111111111111111111111111111111111111111111,,200,165,200,200,200,200,True,,
sub-029,23806896,1000.0,42,111111111111111111111111111111111111111111,,200,164,200,200,200,200,True,,
sub-030,24196896,1000.0,42,111111111111111111111111111111111111111111,,200,169,200,200,200,200,True,,
sub-031,23676896,1000.0,41,111111111111111111111111011111111111111111,24:centered_abs_gt_500uV,200,136,200,200,200,200,True,,
sub-032,23936896,1000.0,42,111111111111111111111111111111111111111111,,200,168,200,200,200,200,True,,
sub-033,24066896,1000.0,42,111111111111111111111111111111111111111111,,200,169,200,200,200,200,True,,
sub-034,23806896,1000.0,42,111111111111111111111111111111111111111111,,200,167,200,200,200,200,True,,
sub-035,23806896,1000.0,42,111111111111111111111111111111111111111111,,200,171,200,200,200,200,True,,
sub-036,23676896,1000.0,42,111111111111111111111111111111111111111111,,200,164,200,200,200,200,True,,
sub-039,23806896,1000.0,42,111111111111111111111111111111111111111111,,200,171,200,200,200,200,True,,
sub-040,25496896,1000.0,42,111111111111111111111111111111111111111111,,200,172,200,200,200,200,True,,
sub-041,23806896,1000.0,42,111111111111111111111111111111111111111111,,200,168,200,200,200,200,True,,
sub-042,24456896,1000.0,42,111111111111111111111111111111111111111111,,200,171,200,200,200,200,True,,
sub-043,23676896,1000.0,42,111111111111111111111111111111111111111111,,200,166,200,200,200,200,True,,
sub-044,24196896,1000.0,42,111111111111111111111111111111111111111111,,200,169,200,200,200,200,True,,
sub-045,24586896,1000.0,42,111111111111111111111111111111111111111111,,200,170,200,200,200,200,True,,
sub-046,23936896,1000.0,42,111111111111111111111111111111111111111111,,200,173,200,200,200,200,True,,
sub-047,24456896,1000.0,42,111111111111111111111111111111111111111111,,200,165,200,200,200,200,True,,
sub-048,23676896,1000.0,42,111111111111111111111111111111111111111111,,200,165,200,200,200,200,True,,
sub-050,26146896,1000.0,42,111111111111111111111111111111111111111111,,200,162,200,200,200,200,True,,
sub-051,25106896,1000.0,42,111111111111111111111111111111111111111111,,200,153,200,200,200,200,True,,
sub-052,24066896,1000.0,42,111111111111111111111111111111111111111111,,200,156,200,200,200,200,True,,
sub-053,24196896,1000.0,42,111111111111111111111111111111111111111111,,200,174,200,200,200,200,True,,
sub-054,23806896,1000.0,42,111111111111111111111111111111111111111111,,200,163,200,200,200,200,True,,
sub-056,24326896,1000.0,42,111111111111111111111111111111111111111111,,200,170,200,200,200,200,True,,
sub-057,23676896,1000.0,42,111111111111111111111111111111111111111111,,200,169,200,200,200,200,True,,
sub-058,24456896,1000.0,42,111111111111111111111111111111111111111111,,200,172,200,200,200,200,True,,
sub-059,23936896,1000.0,42,111111111111111111111111111111111111111111,,200,166,200,200,200,200,True,,
sub-060,23936896,1000.0,42,111111111111111111111111111111111111111111,,200,170,200,200,200,200,True,,
sub-061,23806896,1000.0,42,111111111111111111111111111111111111111111,,200,164,200,200,200,200,True,,
sub-062,23676896,1000.0,42,111111111111111111111111111111111111111111,,200,164,200,200,200,200,True,,
sub-063,23806896,1000.0,42,111111111111111111111111111111111111111111,,200,171,200,200,200,200,True,,
sub-065,25626896,1000.0,42,111111111111111111111111111111111111111111,,200,175,200,200,200,200,True,,
sub-066,23546896,1000.0,42,111111111111111111111111111111111111111111,,200,163,200,200,200,200,True,,
sub-067,23936896,1000.0,41,111111111111111111111111111111011111111111,30:step_gt_200uV,200,124,200,200,200,200,True,,
sub-068,24066896,1000.0,42,111111111111111111111111111111111111111111,,200,174,200,200,200,200,True,,
sub-069,25756896,1000.0,42,111111111111111111111111111111111111111111,,200,165,200,200,200,200,True,,
sub-070,23676896,1000.0,42,111111111111111111111111111111111111111111,,200,166,200,200,200,200,True,,
sub-071,23806896,1000.0,42,111111111111111111111111111111111111111111,,200,175,200,200,200,200,True,,
sub-072,23546896,1000.0,42,111111111111111111111111111111111111111111,,200,165,200,200,200,200,True,,
sub-073,23936896,1000.0,42,111111111111111111111111111111111111111111,,200,170,200,200,200,200,True,,
sub-074,23806896,1000.0,42,111111111111111111111111111111111111111111,,200,158,200,200,200,200,True,,
sub-075,26926896,1000.0,42,111111111111111111111111111111111111111111,,200,169,200,200,200,200,True,,
sub-076,23936896,1000.0,42,111111111111111111111111111111111111111111,,200,166,200,200,200,200,True,,
sub-077,24066896,1000.0,42,111111111111111111111111111111111111111111,,200,161,200,200,200,200,True,,
sub-078,23806896,1000.0,42,111111111111111111111111111111111111111111,,200,166,200,200,200,200,True,,
sub-079,23806896,1000.0,42,111111111111111111111111111111111111111111,,200,162,200,200,200,200,True,,
sub-080,23676896,1000.0,42,111111111111111111111111111111111111111111,,200,176,200,200,200,200,True,,
sub-081,23936896,1000.0,42,111111111111111111111111111111111111111111,,200,174,200,200,200,200,True,,
sub-082,23936896,1000.0,42,111111111111111111111111111111111111111111,,200,174,200,200,200,200,True,,
sub-083,23676896,1000.0,42,111111111111111111111111111111111111111111,,200,163,200,200,200,200,True,,
sub-084,23676896,1000.0,42,111111111111111111111111111111111111111111,,200,166,200,200,200,200,True,,
sub-086,23936896,1000.0,42,111111111111111111111111111111111111111111,,200,173,200,200,200,200,True,,
sub-087,24326896,1000.0,42,111111111111111111111111111111111111111111,,200,168,200,200,200,200,True,,
sub-088,24196896,1000.0,42,111111111111111111111111111111111111111111,,200,172,200,200,200,200,True,,
sub-089,24196896,1000.0,42,111111111111111111111111111111111111111111,,200,167,200,200,200,200,True,,
sub-090,23936896,1000.0,42,111111111111111111111111111111111111111111,,200,168,200,200,200,200,True,,
sub-091,23806896,1000.0,42,111111111111111111111111111111111111111111,,200,168,200,200,200,200,True,,
sub-092,25366896,1000.0,42,111111111111111111111111111111111111111111,,200,165,200,200,200,200,True,,
sub-094,24586896,1000.0,42,111111111111111111111111111111111111111111,,200,159,200,200,200,200,True,,
sub-095,23806896,1000.0,42,111111111111111111111111111111111111111111,,200,167,200,200,200,200,True,,
sub-098,24326896,1000.0,42,111111111111111111111111111111111111111111,,200,168,200,200,200,200,True,,
sub-099,23806896,1000.0,42,111111111111111111111111111111111111111111,,200,166,200,200,200,200,True,,
sub-100,23806896,1000.0,42,111111111111111111111111111111111111111111,,200,166,200,200,200,200,True,,
sub-101,26276896,1000.0,40,111111111111111111111111111111111111111100,40:step_gt_200uV;41:step_gt_200uV,200,159,200,200,200,200,True,,
sub-102,24846896,1000.0,42,111111111111111111111111111111111111111111,,200,175,200,200,200,200,True,,
sub-103,24066896,1000.0,42,111111111111111111111111111111111111111111,,200,165,200,200,200,200,True,,
sub-104,24326896,1000.0,42,111111111111111111111111111111111111111111,,200,175,200,200,200,200,True,,
sub-105,23676896,1000.0,42,111111111111111111111111111111111111111111,,200,170,200,200,200,200,True,,
sub-107,23936896,1000.0,42,111111111111111111111111111111111111111111,,200,168,200,200,200,200,True,,
sub-109,23936896,1000.0,42,111111111111111111111111111111111111111111,,200,168,200,200,200,200,True,,
sub-110,23806896,1000.0,42,111111111111111111111111111111111111111111,,200,162,200,200,200,200,True,,
sub-111,24196896,1000.0,42,111111111111111111111111111111111111111111,,200,168,200,200,200,200,True,,
sub-112,25756896,1000.0,42,111111111111111111111111111111111111111111,,200,165,200,200,200,200,True,,
sub-113,24326896,1000.0,42,111111111111111111111111111111111111111111,,200,165,200,200,200,200,True,,
sub-114,23676896,1000.0,39,111111111111011111111111111111111110011111,12:centered_abs_gt_500uV|p2p_gt_1000uV;35:centered_abs_gt_500uV|p2p_gt_1000uV;36:centered_abs_gt_500uV,200,71,200,200,200,200,True,,
sub-115,23806896,1000.0,42,111111111111111111111111111111111111111111,,200,164,200,200,200,200,True,,
sub-116,24976896,1000.0,42,111111111111111111111111111111111111111111,,200,166,200,200,200,200,True,,
sub-117,26146896,1000.0,42,111111111111111111111111111111111111111111,,200,164,200,200,200,200,True,,
sub-118,24066896,1000.0,42,111111111111111111111111111111111111111111,,200,173,200,200,200,200,True,,
sub-119,23806896,1000.0,42,111111111111111111111111111111111111111111,,200,168,200,200,200,200,True,,
sub-120,23806896,1000.0,42,111111111111111111111111111111111111111111,,200,167,200,200,200,200,True,,
sub-121,23806896,1000.0,41,111111111111111111111111111111111111101111,37:centered_abs_gt_500uV,200,152,200,200,200,200,True,,
sub-122,23806896,1000.0,42,111111111111111111111111111111111111111111,,200,173,200,200,200,200,True,,
sub-123,24846896,1000.0,42,111111111111111111111111111111111111111111,,200,172,200,200,200,200,True,,
sub-124,24326896,1000.0,42,111111111111111111111111111111111111111111,,200,160,200,200,200,200,True,,
sub-125,23806896,1000.0,42,111111111111111111111111111111111111111111,,200,165,200,200,200,200,True,,
sub-126,23806896,1000.0,42,111111111111111111111111111111111111111111,,200,162,200,200,200,200,True,,
sub-127,24716896,1000.0,42,111111111111111111111111111111111111111111,,200,164,200,200,200,200,True,,
sub-128,25106896,1000.0,42,111111111111111111111111111111111111111111,,200,171,200,200,200,200,True,,
sub-129,24586896,1000.0,42,111111111111111111111111111111111111111111,,200,165,200,200,200,200,True,,
sub-130,23806896,1000.0,42,111111111111111111111111111111111111111111,,200,166,200,200,200,200,True,,
sub-131,25626896,1000.0,42,111111111111111111111111111111111111111111,,200,171,200,200,200,200,True,,
sub-132,23676896,1000.0,42,111111111111111111111111111111111111111111,,200,172,200,200,200,200,True,,
sub-133,24066896,1000.0,42,111111111111111111111111111111111111111111,,200,168,200,200,200,200,True,,
sub-134,23936896,1000.0,42,111111111111111111111111111111111111111111,,200,165,200,200,200,200,True,,
sub-135,23806896,1000.0,42,111111111111111111111111111111111111111111,,200,161,200,200,200,200,True,,
sub-136,23676896,1000.0,42,111111111111111111111111111111111111111111,,200,161,200,200,200,200,True,,
sub-137,25236896,1000.0,42,111111111111111111111111111111111111111111,,200,168,200,200,200,200,True,,
sub-139,24326896,1000.0,42,111111111111111111111111111111111111111111,,200,171,200,200,200,200,True,,
sub-140,24326896,1000.0,42,111111111111111111111111111111111111111111,,200,166,200,200,200,200,True,,
sub-141,23806896,1000.0,42,111111111111111111111111111111111111111111,,200,164,200,200,200,200,True,,
sub-144,23806896,1000.0,42,111111111111111111111111111111111111111111,,200,161,200,200,200,200,True,,
sub-145,23806896,1000.0,42,111111111111111111111111111111111111111111,,200,170,200,200,200,200,True,,
sub-146,24066896,1000.0,42,111111111111111111111111111111111111111111,,200,163,200,200,200,200,True,,
sub-147,23676896,1000.0,42,111111111111111111111111111111111111111111,,200,170,200,200,200,200,True,,
sub-148,24066896,1000.0,42,111111111111111111111111111111111111111111,,200,174,200,200,200,200,True,,
sub-149,23546896,1000.0,42,111111111111111111111111111111111111111111,,200,170,200,200,200,200,True,,
sub-150,23936896,1000.0,42,111111111111111111111111111111111111111111,,200,162,200,200,200,200,True,,
sub-151,23806896,1000.0,42,111111111111111111111111111111111111111111,,200,175,200,200,200,200,True,,
sub-152,24196896,1000.0,42,111111111111111111111111111111111111111111,,200,167,200,200,200,200,True,,
sub-153,23806896,1000.0,42,111111111111111111111111111111111111111111,,200,168,200,200,200,200,True,,
sub-154,24326896,1000.0,42,111111111111111111111111111111111111111111,,200,158,200,200,200,200,True,,
sub-155,23936896,1000.0,42,111111111111111111111111111111111111111111,,200,164,200,200,200,200,True,,
sub-157,25626896,1000.0,42,111111111111111111111111111111111111111111,,200,162,200,200,200,200,True,,
sub-158,24326896,1000.0,42,111111111111111111111111111111111111111111,,200,173,200,200,200,200,True,,
sub-159,23806896,1000.0,42,111111111111111111111111111111111111111111,,200,160,200,200,200,200,True,,
sub-160,27186896,1000.0,42,111111111111111111111111111111111111111111,,200,174,200,200,200,200,True,,
sub-161,26016896,1000.0,42,111111111111111111111111111111111111111111,,200,164,200,200,200,200,True,,
sub-162,25106896,1000.0,42,111111111111111111111111111111111111111111,,200,179,200,200,200,200,True,,
sub-163,23806896,1000.0,42,111111111111111111111111111111111111111111,,200,171,200,200,200,200,True,,
sub-164,23676896,1000.0,42,111111111111111111111111111111111111111111,,200,155,200,200,200,200,True,,
sub-165,24066896,1000.0,42,111111111111111111111111111111111111111111,,200,160,200,200,200,200,True,,
sub-166,23936896,1000.0,42,111111111111111111111111111111111111111111,,200,171,200,200,200,200,True,,
sub-167,23806896,1000.0,42,111111111111111111111111111111111111111111,,200,156,200,200,200,200,True,,
sub-168,23676896,1000.0,42,111111111111111111111111111111111111111111,,200,159,200,200,200,200,True,,
sub-169,23806896,1000.0,42,111111111111111111111111111111111111111111,,200,158,200,200,200,200,True,,
sub-170,23676896,1000.0,42,111111111111111111111111111111111111111111,,200,164,200,200,200,200,True,,
sub-171,23806896,1000.0,42,111111111111111111111111111111111111111111,,200,172,200,200,200,200,True,,
sub-172,24066896,1000.0,42,111111111111111111111111111111111111111111,,200,168,200,200,200,200,True,,
sub-173,23676896,1000.0,42,111111111111111111111111111111111111111111,,200,171,200,200,200,200,True,,
sub-174,25366896,1000.0,42,111111111111111111111111111111111111111111,,200,171,200,200,200,200,True,,
sub-175,25236896,1000.0,42,111111111111111111111111111111111111111111,,200,171,200,200,200,200,True,,
sub-177,24326896,1000.0,42,111111111111111111111111111111111111111111,,200,168,200,200,200,200,True,,
sub-178,23806896,1000.0,42,111111111111111111111111111111111111111111,,200,153,200,200,200,200,True,,
sub-180,23806896,1000.0,42,111111111111111111111111111111111111111111,,200,174,200,200,200,200,True,,
sub-181,24326896,1000.0,42,111111111111111111111111111111111111111111,,200,168,200,200,200,200,True,,
sub-182,23936896,1000.0,42,111111111111111111111111111111111111111111,,200,168,200,200,200,200,True,,
sub-184,25626896,1000.0,42,111111111111111111111111111111111111111111,,200,165,200,200,200,200,True,,
sub-185,29656896,1000.0,42,111111111111111111111111111111111111111111,,200,170,200,200,200,200,True,,
sub-186,24196896,1000.0,42,111111111111111111111111111111111111111111,,200,174,200,200,200,200,True,,
sub-187,23676896,1000.0,42,111111111111111111111111111111111111111111,,200,157,200,200,200,200,True,,
sub-188,23936896,1000.0,42,111111111111111111111111111111111111111111,,200,161,200,200,200,200,True,,
sub-189,24196896,1000.0,42,111111111111111111111111111111111111111111,,200,170,200,200,200,200,True,,
sub-190,24196896,1000.0,42,111111111111111111111111111111111111111111,,200,169,200,200,200,200,True,,
sub-191,23806896,1000.0,42,111111111111111111111111111111111111111111,,200,175,200,200,200,200,True,,
sub-192,24196896,1000.0,42,111111111111111111111111111111111111111111,,200,169,200,200,200,200,True,,
sub-193,23806896,1000.0,42,111111111111111111111111111111111111111111,,200,172,200,200,200,200,True,,
sub-194,23936896,1000.0,42,111111111111111111111111111111111111111111,,200,168,200,200,200,200,True,,
sub-195,23676896,1000.0,42,111111111111111111111111111111111111111111,,200,171,200,200,200,200,True,,
sub-196,23936896,1000.0,42,111111111111111111111111111111111111111111,,200,167,200,200,200,200,True,,
sub-197,24586896,1000.0,42,111111111111111111111111111111111111111111,,200,176,200,200,200,200,True,,
sub-198,23806896,1000.0,42,111111111111111111111111111111111111111111,,200,173,200,200,200,200,True,,
sub-199,23936896,1000.0,42,111111111111111111111111111111111111111111,,200,164,200,200,200,200,True,,
sub-200,23936896,1000.0,42,111111111111111111111111111111111111111111,,200,166,200,200,200,200,True,,
sub-201,23676896,1000.0,42,111111111111111111111111111111111111111111,,200,170,200,200,200,200,True,,
sub-203,23806896,1000.0,42,111111111111111111111111111111111111111111,,200,170,200,200,200,200,True,,
sub-204,23806896,1000.0,42,111111111111111111111111111111111111111111,,200,164,200,200,200,200,True,,
sub-205,23806896,1000.0,42,111111111111111111111111111111111111111111,,200,170,200,200,200,200,True,,
sub-206,27446896,1000.0,40,111101111011111111111111111111111111111111,4:centered_abs_gt_500uV|p2p_gt_1000uV|step_gt_200uV;9:centered_abs_gt_500uV|p2p_gt_1000uV|step_gt_200uV,200,115,200,200,200,200,True,,
sub-208,24326896,1000.0,42,111111111111111111111111111111111111111111,,200,170,200,200,200,200,True,,
sub-209,24326896,1000.0,42,111111111111111111111111111111111111111111,,200,169,200,200,200,200,True,,
sub-210,23806896,1000.0,42,111111111111111111111111111111111111111111,,200,165,200,200,200,200,True,,
sub-211,23676896,1000.0,42,111111111111111111111111111111111111111111,,200,165,200,200,200,200,True,,
sub-212,23936896,1000.0,42,111111111111111111111111111111111111111111,,200,165,200,200,200,200,True,,
sub-213,24196896,1000.0,42,111111111111111111111111111111111111111111,,200,165,200,200,200,200,True,,
sub-214,36546896,1000.0,42,111111111111111111111111111111111111111111,,200,171,200,200,200,200,True,,
sub-215,23936896,1000.0,42,111111111111111111111111111111111111111111,,200,166,200,200,200,200,True,,
sub-216,24066896,1000.0,42,111111111111111111111111111111111111111111,,200,170,200,200,200,200,True,,
sub-217,23936896,1000.0,42,111111111111111111111111111111111111111111,,200,172,200,200,200,200,True,,
sub-218,24196896,1000.0,42,111111111111111111111111111111111111111111,,200,166,200,200,200,200,True,,
sub-219,23806896,1000.0,42,111111111111111111111111111111111111111111,,200,167,200,200,200,200,True,,
sub-221,23676896,1000.0,42,111111111111111111111111111111111111111111,,200,171,200,200,200,200,True,,
sub-223,24586896,1000.0,42,111111111111111111111111111111111111111111,,200,164,200,200,200,200,True,,
sub-225,24196896,1000.0,42,111111111111111111111111111111111111111111,,200,175,200,200,200,200,True,,
sub-227,23806896,1000.0,42,111111111111111111111111111111111111111111,,200,174,200,200,200,200,True,,
sub-228,23806896,1000.0,42,111111111111111111111111111111111111111111,,200,164,200,200,200,200,True,,
sub-229,24976896,1000.0,42,111111111111111111111111111111111111111111,,200,171,200,200,200,200,True,,
sub-231,23676896,1000.0,42,111111111111111111111111111111111111111111,,200,168,200,200,200,200,True,,
sub-232,23936896,1000.0,42,111111111111111111111111111111111111111111,,200,170,200,200,200,200,True,,
sub-234,23936896,1000.0,42,111111111111111111111111111111111111111111,,200,167,200,200,200,200,True,,
sub-235,23676896,1000.0,42,111111111111111111111111111111111111111111,,200,162,200,200,200,200,True,,
sub-236,23676896,1000.0,42,111111111111111111111111111111111111111111,,200,168,200,200,200,200,True,,
sub-237,23936896,1000.0,42,111111111111111111111111111111111111111111,,200,157,200,200,200,200,True,,
sub-238,23936896,1000.0,42,111111111111111111111111111111111111111111,,200,165,200,200,200,200,True,,
sub-239,24326896,1000.0,42,111111111111111111111111111111111111111111,,200,170,200,200,200,200,True,,
sub-240,23936896,1000.0,42,111111111111111111111111111111111111111111,,200,164,200,200,200,200,True,,
sub-241,23676896,1000.0,42,111111111111111111111111111111111111111111,,200,165,200,200,200,200,True,,
sub-242,25236896,1000.0,42,111111111111111111111111111111111111111111,,200,170,200,200,200,200,True,,
sub-243,24326896,1000.0,42,111111111111111111111111111111111111111111,,200,166,200,200,200,200,True,,
sub-244,23676896,1000.0,42,111111111111111111111111111111111111111111,,200,166,200,200,200,200,True,,
sub-246,23676896,1000.0,42,111111111111111111111111111111111111111111,,200,167,200,200,200,200,True,,
sub-247,23806896,1000.0,42,111111111111111111111111111111111111111111,,200,170,200,200,200,200,True,,
sub-248,23936896,1000.0,42,111111111111111111111111111111111111111111,,200,170,200,200,200,200,True,,
sub-249,23676896,1000.0,42,111111111111111111111111111111111111111111,,200,167,200,200,200,200,True,,
sub-250,23806896,1000.0,42,111111111111111111111111111111111111111111,,200,164,200,200,200,200,True,,
sub-251,24846896,1000.0,42,111111111111111111111111111111111111111111,,200,171,200,200,200,200,True,,
sub-252,24846896,1000.0,42,111111111111111111111111111111111111111111,,200,155,200,200,200,200,True,,
sub-253,23806896,1000.0,42,111111111111111111111111111111111111111111,,200,162,200,200,200,200,True,,
sub-254,23936896,1000.0,42,111111111111111111111111111111111111111111,,200,173,200,200,200,200,True,,
sub-255,23676896,1000.0,42,111111111111111111111111111111111111111111,,200,161,200,200,200,200,True,,
sub-256,23936896,1000.0,42,111111111111111111111111111111111111111111,,200,168,200,200,200,200,True,,
sub-257,24066896,1000.0,42,111111111111111111111111111111111111111111,,200,163,200,200,200,200,True,,
sub-258,23676896,1000.0,42,111111111111111111111111111111111111111111,,200,167,200,200,200,200,True,,
sub-259,23676896,1000.0,42,111111111111111111111111111111111111111111,,200,165,200,200,200,200,True,,
sub-260,25106896,1000.0,42,111111111111111111111111111111111111111111,,200,154,200,200,200,200,True,,
sub-261,24716896,1000.0,42,111111111111111111111111111111111111111111,,200,164,200,200,200,200,True,,
sub-262,23936896,1000.0,42,111111111111111111111111111111111111111111,,200,167,200,200,200,200,True,,
sub-263,24846896,1000.0,42,111111111111111111111111111111111111111111,,200,167,200,200,200,200,True,,
sub-264,23806896,1000.0,42,111111111111111111111111111111111111111111,,200,167,200,200,200,200,True,,
sub-265,24456896,1000.0,42,111111111111111111111111111111111111111111,,200,165,200,200,200,200,True,,
sub-266,24066896,1000.0,42,111111111111111111111111111111111111111111,,200,172,200,200,200,200,True,,
sub-267,23676896,1000.0,42,111111111111111111111111111111111111111111,,200,170,200,200,200,200,True,,
sub-268,23936896,1000.0,42,111111111111111111111111111111111111111111,,200,175,200,200,200,200,True,,
sub-269,24066896,1000.0,42,111111111111111111111111111111111111111111,,200,169,200,200,200,200,True,,
sub-271,24196896,1000.0,42,111111111111111111111111111111111111111111,,200,170,200,200,200,200,True,,
sub-272,25106896,1000.0,42,111111111111111111111111111111111111111111,,200,166,200,200,200,200,True,,
sub-273,23806896,1000.0,42,111111111111111111111111111111111111111111,,200,168,200,200,200,200,True,,
sub-274,23806896,1000.0,42,111111111111111111111111111111111111111111,,200,162,200,200,200,200,True,,
sub-275,23676896,1000.0,42,111111111111111111111111111111111111111111,,200,171,200,200,200,200,True,,
sub-276,24066896,1000.0,42,111111111111111111111111111111111111111111,,200,167,200,200,200,200,True,,
sub-277,23676896,1000.0,42,111111111111111111111111111111111111111111,,200,155,200,200,200,200,True,,
sub-280,24586896,1000.0,42,111111111111111111111111111111111111111111,,200,173,200,200,200,200,True,,
sub-281,24326896,1000.0,42,111111111111111111111111111111111111111111,,200,169,200,200,200,200,True,,
sub-282,23936896,1000.0,42,111111111111111111111111111111111111111111,,200,167,200,200,200,200,True,,
sub-283,23806896,1000.0,42,111111111111111111111111111111111111111111,,200,170,200,200,200,200,True,,
sub-284,23936896,1000.0,42,111111111111111111111111111111111111111111,,200,169,200,200,200,200,True,,
sub-285,24066896,1000.0,42,111111111111111111111111111111111111111111,,200,164,200,200,200,200,True,,
sub-287,24586896,1000.0,42,111111111111111111111111111111111111111111,,200,170,200,200,200,200,True,,
sub-288,23936896,1000.0,42,111111111111111111111111111111111111111111,,200,162,200,200,200,200,True,,
sub-289,27056896,1000.0,42,111111111111111111111111111111111111111111,,200,168,200,200,200,200,True,,
sub-290,23676896,1000.0,42,111111111111111111111111111111111111111111,,200,163,200,200,200,200,True,,
sub-291,24326896,1000.0,42,111111111111111111111111111111111111111111,,200,168,200,200,200,200,True,,
sub-292,23806896,1000.0,42,111111111111111111111111111111111111111111,,200,168,200,200,200,200,True,,
sub-294,23806896,1000.0,42,111111111111111111111111111111111111111111,,200,167,200,200,200,200,True,,
sub-295,23936896,1000.0,42,111111111111111111111111111111111111111111,,200,172,200,200,200,200,True,,
sub-297,24066896,1000.0,42,111111111111111111111111111111111111111111,,200,167,200,200,200,200,True,,
sub-298,25236896,1000.0,42,111111111111111111111111111111111111111111,,200,169,200,200,200,200,True,,
sub-299,23936896,1000.0,42,111111111111111111111111111111111111111111,,200,172,200,200,200,200,True,,
sub-300,23936896,1000.0,42,111111111111111111111111111111111111111111,,200,165,200,200,200,200,True,,
sub-301,24976896,1000.0,42,111111111111111111111111111111111111111111,,200,168,200,200,200,200,True,,
sub-302,23676896,1000.0,42,111111111111111111111111111111111111111111,,200,163,200,200,200,200,True,,
sub-303,23806896,1000.0,41,111111111111111111111111111111101111111111,31:centered_abs_gt_500uV|p2p_gt_1000uV,200,122,200,200,200,200,True,,
sub-304,24066896,1000.0,42,111111111111111111111111111111111111111111,,200,162,200,200,200,200,True,,
sub-305,23806896,1000.0,42,111111111111111111111111111111111111111111,,200,168,200,200,200,200,True,,
sub-307,24326896,1000.0,42,111111111111111111111111111111111111111111,,200,169,200,200,200,200,True,,
sub-308,23806896,1000.0,42,111111111111111111111111111111111111111111,,200,168,200,200,200,200,True,,
sub-309,23676896,1000.0,42,111111111111111111111111111111111111111111,,200,172,200,200,200,200,True,,
sub-310,23936896,1000.0,42,111111111111111111111111111111111111111111,,200,159,200,200,200,200,True,,
sub-311,23806896,1000.0,42,111111111111111111111111111111111111111111,,200,167,200,200,200,200,True,,
sub-312,23936896,1000.0,42,111111111111111111111111111111111111111111,,200,166,200,200,200,200,True,,
sub-313,25106896,1000.0,42,111111111111111111111111111111111111111111,,200,165,200,200,200,200,True,,
sub-314,23676896,1000.0,42,111111111111111111111111111111111111111111,,200,180,200,200,200,200,True,,
sub-315,23806896,1000.0,42,111111111111111111111111111111111111111111,,200,166,200,200,200,200,True,,
sub-316,23936896,1000.0,42,111111111111111111111111111111111111111111,,200,161,200,200,200,200,True,,
sub-317,26146896,1000.0,42,111111111111111111111111111111111111111111,,200,167,200,200,200,200,True,,
sub-318,23936896,1000.0,42,111111111111111111111111111111111111111111,,200,164,200,200,200,200,True,,
sub-319,23806896,1000.0,41,110111111111111111111111111111111111111111,2:centered_abs_gt_500uV|p2p_gt_1000uV|step_gt_200uV,200,160,200,200,200,200,True,,
sub-320,23806896,1000.0,42,111111111111111111111111111111111111111111,,200,166,200,200,200,200,True,,
sub-321,24326896,1000.0,42,111111111111111111111111111111111111111111,,200,168,200,200,200,200,True,,
sub-322,24326896,1000.0,42,111111111111111111111111111111111111111111,,200,163,200,200,200,200,True,,
sub-323,24456896,1000.0,42,111111111111111111111111111111111111111111,,200,170,200,200,200,200,True,,
sub-325,23936896,1000.0,42,111111111111111111111111111111111111111111,,200,172,200,200,200,200,True,,
sub-326,24976896,1000.0,42,111111111111111111111111111111111111111111,,200,167,200,200,200,200,True,,
sub-328,25106896,1000.0,42,111111111111111111111111111111111111111111,,200,171,200,200,200,200,True,,
sub-330,29396896,1000.0,42,111111111111111111111111111111111111111111,,200,165,200,200,200,200,True,,
sub-331,23676896,1000.0,42,111111111111111111111111111111111111111111,,200,168,200,200,200,200,True,,
sub-332,25366896,1000.0,42,111111111111111111111111111111111111111111,,200,167,200,200,200,200,True,,
sub-333,23676896,1000.0,42,111111111111111111111111111111111111111111,,200,164,200,200,200,200,True,,
sub-334,23936896,1000.0,42,111111111111111111111111111111111111111111,,200,173,200,200,200,200,True,,
sub-335,37716896,1000.0,42,111111111111111111111111111111111111111111,,200,172,200,200,200,200,True,,
sub-337,23676896,1000.0,42,111111111111111111111111111111111111111111,,200,157,200,200,200,200,True,,
sub-338,24326896,1000.0,42,111111111111111111111111111111111111111111,,200,164,200,200,200,200,True,,
sub-339,23676896,1000.0,42,111111111111111111111111111111111111111111,,200,166,200,200,200,200,True,,
sub-340,23936896,1000.0,41,111111111111111011111111111111111111111111,15:step_gt_200uV,200,131,200,200,200,200,True,,
sub-341,23936896,1000.0,42,111111111111111111111111111111111111111111,,200,160,200,200,200,200,True,,
sub-342,24066896,1000.0,40,111110111111111111111111110111111111111111,5:centered_abs_gt_500uV;26:centered_abs_gt_500uV,200,99,200,200,200,200,True,,
sub-343,24716896,1000.0,42,111111111111111111111111111111111111111111,,200,176,200,200,200,200,True,,
sub-344,28616896,1000.0,42,111111111111111111111111111111111111111111,,200,164,200,200,200,200,True,,
sub-345,23806896,1000.0,42,111111111111111111111111111111111111111111,,200,162,200,200,200,200,True,,
sub-346,23676896,1000.0,42,111111111111111111111111111111111111111111,,200,164,200,200,200,200,True,,
sub-347,24326896,1000.0,42,111111111111111111111111111111111111111111,,200,167,200,200,200,200,True,,
sub-348,29786896,1000.0,42,111111111111111111111111111111111111111111,,200,169,200,200,200,200,True,,
sub-349,23676896,1000.0,42,111111111111111111111111111111111111111111,,200,166,200,200,200,200,True,,
sub-350,23936896,1000.0,42,111111111111111111111111111111111111111111,,200,173,200,200,200,200,True,,
sub-351,24456896,1000.0,42,111111111111111111111111111111111111111111,,200,169,200,200,200,200,True,,
sub-352,23806896,1000.0,42,111111111111111111111111111111111111111111,,200,165,200,200,200,200,True,,
sub-353,24716896,1000.0,42,111111111111111111111111111111111111111111,,200,165,200,200,200,200,True,,
sub-354,23936896,1000.0,42,111111111111111111111111111111111111111111,,200,173,200,200,200,200,True,,
sub-355,23676896,1000.0,42,111111111111111111111111111111111111111111,,200,166,200,200,200,200,True,,
sub-361,24326896,1000.0,42,111111111111111111111111111111111111111111,,200,168,200,200,200,200,True,,
sub-363,24066896,1000.0,42,111111111111111111111111111111111111111111,,200,168,200,200,200,200,True,,
sub-364,24586896,1000.0,42,111111111111111111111111111111111111111111,,200,162,200,200,200,200,True,,
sub-365,25496896,1000.0,42,111111111111111111111111111111111111111111,,200,171,200,200,200,200,True,,
sub-366,24586896,1000.0,42,111111111111111111111111111111111111111111,,200,177,200,200,200,200,True,,
sub-367,23806896,1000.0,42,111111111111111111111111111111111111111111,,200,165,200,200,200,200,True,,
sub-368,23806896,1000.0,42,111111111111111111111111111111111111111111,,200,166,200,200,200,200,True,,
sub-370,31086896,1000.0,42,111111111111111111111111111111111111111111,,200,167,200,200,200,200,True,,
sub-371,24196896,1000.0,42,111111111111111111111111111111111111111111,,200,165,200,200,200,200,True,,
sub-373,26016896,1000.0,42,111111111111111111111111111111111111111111,,200,168,200,200,200,200,True,,
sub-374,24066896,1000.0,42,111111111111111111111111111111111111111111,,200,163,200,200,200,200,True,,
sub-375,24066896,1000.0,42,111111111111111111111111111111111111111111,,200,166,200,200,200,200,True,,
sub-376,23936896,1000.0,42,111111111111111111111111111111111111111111,,200,165,200,200,200,200,True,,
sub-377,23936896,1000.0,42,111111111111111111111111111111111111111111,,200,163,200,200,200,200,True,,
sub-378,24586896,1000.0,42,111111111111111111111111111111111111111111,,200,169,200,200,200,200,True,,
sub-379,23936896,1000.0,42,111111111111111111111111111111111111111111,,200,162,200,200,200,200,True,,
sub-380,24196896,1000.0,42,111111111111111111111111111111111111111111,,200,170,200,200,200,200,True,,
sub-381,24066896,1000.0,42,111111111111111111111111111111111111111111,,200,166,200,200,200,200,True,,
sub-382,28616896,1000.0,42,111111111111111111111111111111111111111111,,200,172,200,200,200,200,True,,
sub-383,24196896,1000.0,42,111111111111111111111111111111111111111111,,200,157,200,200,200,200,True,,
sub-385,24196896,1000.0,42,111111111111111111111111111111111111111111,,200,170,200,200,200,200,True,,
sub-386,23676896,1000.0,42,111111111111111111111111111111111111111111,,200,172,200,200,200,200,True,,
sub-387,24586896,1000.0,42,111111111111111111111111111111111111111111,,200,178,200,200,200,200,True,,
sub-388,23806896,1000.0,42,111111111111111111111111111111111111111111,,200,169,200,200,200,200,True,,
sub-389,23936896,1000.0,42,111111111111111111111111111111111111111111,,200,163,200,200,200,200,True,,
sub-390,23676896,1000.0,42,111111111111111111111111111111111111111111,,200,168,200,200,200,200,True,,
sub-391,24066896,1000.0,42,111111111111111111111111111111111111111111,,200,168,200,200,200,200,True,,
sub-394,23936896,1000.0,42,111111111111111111111111111111111111111111,,200,166,200,200,200,200,True,,
sub-395,23676896,1000.0,42,111111111111111111111111111111111111111111,,200,165,200,200,200,200,True,,
sub-396,23806896,1000.0,42,111111111111111111111111111111111111111111,,200,170,200,200,200,200,True,,
sub-397,23936896,1000.0,42,111111111111111111111111111111111111111111,,200,165,200,200,200,200,True,,
sub-399,23936896,1000.0,42,111111111111111111111111111111111111111111,,200,169,200,200,200,200,True,,
sub-400,24196896,1000.0,42,111111111111111111111111111111111111111111,,200,172,200,200,200,200,True,,
sub-401,23806896,1000.0,42,111111111111111111111111111111111111111111,,200,154,200,200,200,200,True,,
sub-402,24326896,1000.0,42,111111111111111111111111111111111111111111,,200,172,200,200,200,200,True,,
sub-403,24716896,1000.0,42,111111111111111111111111111111111111111111,,200,161,200,200,200,200,True,,
sub-404,24846896,1000.0,42,111111111111111111111111111111111111111111,,200,172,200,200,200,200,True,,
sub-405,25496896,1000.0,42,111111111111111111111111111111111111111111,,200,166,200,200,200,200,True,,
sub-406,24716896,1000.0,42,111111111111111111111111111111111111111111,,200,170,200,200,200,200,True,,
sub-407,23806896,1000.0,42,111111111111111111111111111111111111111111,,200,165,200,200,200,200,True,,
sub-408,23806896,1000.0,42,111111111111111111111111111111111111111111,,200,174,200,200,200,200,True,,
sub-409,26146896,1000.0,42,111111111111111111111111111111111111111111,,200,168,200,200,200,200,True,,
sub-410,24196896,1000.0,42,111111111111111111111111111111111111111111,,200,173,200,200,200,200,True,,
sub-411,24066896,1000.0,42,111111111111111111111111111111111111111111,,200,164,200,200,200,200,True,,
sub-412,24196896,1000.0,42,111111111111111111111111111111111111111111,,200,171,200,200,200,200,True,,
sub-413,27966896,1000.0,42,111111111111111111111111111111111111111111,,200,161,200,200,200,200,True,,
sub-414,24066896,1000.0,42,111111111111111111111111111111111111111111,,200,168,200,200,200,200,True,,
sub-415,24066896,1000.0,41,111111111111111111111111111111110111111111,32:centered_abs_gt_500uV,200,118,200,200,200,200,True,,
sub-416,24066896,1000.0,42,111111111111111111111111111111111111111111,,200,167,200,200,200,200,True,,
sub-417,23676896,1000.0,42,111111111111111111111111111111111111111111,,200,168,200,200,200,200,True,,
sub-418,23936896,1000.0,42,111111111111111111111111111111111111111111,,200,171,200,200,200,200,True,,
sub-419,24716896,1000.0,42,111111111111111111111111111111111111111111,,200,169,200,200,200,200,True,,
sub-420,25496896,1000.0,42,111111111111111111111111111111111111111111,,200,168,200,200,200,200,True,,
sub-421,24586896,1000.0,42,111111111111111111111111111111111111111111,,200,168,200,200,200,200,True,,
sub-422,23676896,1000.0,42,111111111111111111111111111111111111111111,,200,175,200,200,200,200,True,,
sub-423,23806896,1000.0,42,111111111111111111111111111111111111111111,,200,166,200,200,200,200,True,,
sub-425,27706896,1000.0,32,111111111111111111100000000001111111111111,19:centered_abs_gt_500uV|p2p_gt_1000uV|step_gt_200uV;20:centered_abs_gt_500uV|p2p_gt_1000uV|step_gt_200uV;21:centered_abs_gt_500uV|p2p_gt_1000uV|step_gt_200uV;22:centered_abs_gt_500uV|p2p_gt_1000uV|step_gt_200uV;23:centered_abs_gt_500uV|p2p_gt_1000uV|step_gt_200uV;24:centered_abs_gt_500uV|p2p_gt_1000uV|step_gt_200uV;25:centered_abs_gt_500uV|p2p_gt_1000uV|step_gt_200uV;26:centered_abs_gt_500uV|p2p_gt_1000uV|step_gt_200uV;27:centered_abs_gt_500uV|p2p_gt_1000uV|step_gt_200uV;28:centered_abs_gt_500uV|p2p_gt_1000uV|step_gt_200uV,200,66,0,0,0,0,False,insufficient_legal_draw_support,
sub-426,23676896,1000.0,42,111111111111111111111111111111111111111111,,200,169,200,200,200,200,True,,
sub-427,23936896,1000.0,42,111111111111111111111111111111111111111111,,200,168,200,200,200,200,True,,
sub-428,24976896,1000.0,42,111111111111111111111111111111111111111111,,200,172,200,200,200,200,True,,
sub-429,24066896,1000.0,42,111111111111111111111111111111111111111111,,200,167,200,200,200,200,True,,
sub-431,23676896,1000.0,42,111111111111111111111111111111111111111111,,200,163,200,200,200,200,True,,
sub-433,24326896,1000.0,42,111111111111111111111111111111111111111111,,200,159,200,200,200,200,True,,
sub-434,27056896,1000.0,42,111111111111111111111111111111111111111111,,200,170,200,200,200,200,True,,
sub-435,23806896,1000.0,42,111111111111111111111111111111111111111111,,200,162,200,200,200,200,True,,
sub-436,24326896,1000.0,42,111111111111111111111111111111111111111111,,200,164,200,200,200,200,True,,
sub-437,23676896,1000.0,42,111111111111111111111111111111111111111111,,200,172,200,200,200,200,True,,
sub-438,24456896,1000.0,42,111111111111111111111111111111111111111111,,200,170,200,200,200,200,True,,
sub-439,23676896,1000.0,42,111111111111111111111111111111111111111111,,200,171,200,200,200,200,True,,
sub-440,24716896,1000.0,42,111111111111111111111111111111111111111111,,200,169,200,200,200,200,True,,
sub-442,23546896,1000.0,42,111111111111111111111111111111111111111111,,200,162,200,200,200,200,True,,
sub-443,23676896,1000.0,42,111111111111111111111111111111111111111111,,200,171,200,200,200,200,True,,
sub-444,23806896,1000.0,42,111111111111111111111111111111111111111111,,200,170,200,200,200,200,True,,
sub-445,24326896,1000.0,42,111111111111111111111111111111111111111111,,200,168,200,200,200,200,True,,
sub-446,24586896,1000.0,42,111111111111111111111111111111111111111111,,200,167,200,200,200,200,True,,
sub-447,27186896,1000.0,42,111111111111111111111111111111111111111111,,200,166,200,200,200,200,True,,
sub-448,24326896,1000.0,42,111111111111111111111111111111111111111111,,200,168,200,200,200,200,True,,
sub-449,24586896,1000.0,42,111111111111111111111111111111111111111111,,200,165,200,200,200,200,True,,
sub-450,24196896,1000.0,42,111111111111111111111111111111111111111111,,200,165,200,200,200,200,True,,
sub-451,23936896,1000.0,42,111111111111111111111111111111111111111111,,200,161,200,200,200,200,True,,
sub-452,25756896,1000.0,42,111111111111111111111111111111111111111111,,200,166,200,200,200,200,True,,
sub-453,23936896,1000.0,42,111111111111111111111111111111111111111111,,200,172,200,200,200,200,True,,
sub-454,23936896,1000.0,42,111111111111111111111111111111111111111111,,200,166,200,200,200,200,True,,
sub-455,23676896,1000.0,42,111111111111111111111111111111111111111111,,200,167,200,200,200,200,True,,
sub-456,23806896,1000.0,42,111111111111111111111111111111111111111111,,200,165,200,200,200,200,True,,
sub-457,23936896,1000.0,42,111111111111111111111111111111111111111111,,200,160,200,200,200,200,True,,
sub-458,23936896,1000.0,42,111111111111111111111111111111111111111111,,200,166,200,200,200,200,True,,
sub-459,24976896,1000.0,42,111111111111111111111111111111111111111111,,200,165,200,200,200,200,True,,
sub-460,23676896,1000.0,42,111111111111111111111111111111111111111111,,200,164,200,200,200,200,True,,
sub-461,23936896,1000.0,42,111111111111111111111111111111111111111111,,200,167,200,200,200,200,True,,
sub-462,23806896,1000.0,42,111111111111111111111111111111111111111111,,200,169,200,200,200,200,True,,
sub-463,24196896,1000.0,42,111111111111111111111111111111111111111111,,200,166,200,200,200,200,True,,
sub-464,27316896,1000.0,42,111111111111111111111111111111111111111111,,200,163,200,200,200,200,True,,
sub-465,24066896,1000.0,42,111111111111111111111111111111111111111111,,200,169,200,200,200,200,True,,
sub-466,24066896,1000.0,42,111111111111111111111111111111111111111111,,200,171,200,200,200,200,True,,
sub-467,24976896,1000.0,42,111111111111111111111111111111111111111111,,200,168,200,200,200,200,True,,
sub-468,24326896,1000.0,42,111111111111111111111111111111111111111111,,200,164,200,200,200,200,True,,
sub-469,23676896,1000.0,42,111111111111111111111111111111111111111111,,200,163,200,200,200,200,True,,
sub-470,23936896,1000.0,42,111111111111111111111111111111111111111111,,200,166,200,200,200,200,True,,
sub-471,24196896,1000.0,42,111111111111111111111111111111111111111111,,200,161,200,200,200,200,True,,
sub-472,23936896,1000.0,42,111111111111111111111111111111111111111111,,200,169,200,200,200,200,True,,
sub-473,28616896,1000.0,42,111111111111111111111111111111111111111111,,200,169,200,200,200,200,True,,
sub-475,23936896,1000.0,42,111111111111111111111111111111111111111111,,200,172,200,200,200,200,True,,
sub-476,23936896,1000.0,42,111111111111111111111111111111111111111111,,200,164,200,200,200,200,True,,
sub-477,24066896,1000.0,42,111111111111111111111111111111111111111111,,200,160,200,200,200,200,True,,
sub-478,23806896,1000.0,42,111111111111111111111111111111111111111111,,200,167,200,200,200,200,True,,
sub-479,23936896,1000.0,42,111111111111111111111111111111111111111111,,200,168,200,200,200,200,True,,
sub-481,23936896,1000.0,42,111111111111111111111111111111111111111111,,200,170,200,200,200,200,True,,
sub-482,23676896,1000.0,42,111111111111111111111111111111111111111111,,200,175,200,200,200,200,True,,
sub-483,23806896,1000.0,42,111111111111111111111111111111111111111111,,200,165,200,200,200,200,True,,
sub-485,24066896,1000.0,42,111111111111111111111111111111111111111111,,200,160,200,200,200,200,True,,
sub-486,23806896,1000.0,42,111111111111111111111111111111111111111111,,200,167,200,200,200,200,True,,
sub-487,27186896,1000.0,42,111111111111111111111111111111111111111111,,200,162,200,200,200,200,True,,
sub-488,23806896,1000.0,42,111111111111111111111111111111111111111111,,200,161,200,200,200,200,True,,
sub-489,23806896,1000.0,42,111111111111111111111111111111111111111111,,200,166,200,200,200,200,True,,
sub-491,27446896,1000.0,32,111111111111111111111000001011101111100011,21:centered_abs_gt_500uV|p2p_gt_1000uV;22:centered_abs_gt_500uV|p2p_gt_1000uV;23:centered_abs_gt_500uV|p2p_gt_1000uV;24:centered_abs_gt_500uV;25:centered_abs_gt_500uV|p2p_gt_1000uV;27:centered_abs_gt_500uV|p2p_gt_1000uV;31:centered_abs_gt_500uV|p2p_gt_1000uV;37:centered_abs_gt_500uV;38:centered_abs_gt_500uV|p2p_gt_1000uV;39:centered_abs_gt_500uV|p2p_gt_1000uV,63,6,0,0,0,0,False,insufficient_legal_draw_support,
sub-492,24586896,1000.0,42,111111111111111111111111111111111111111111,,200,168,200,200,200,200,True,,
sub-493,23936896,1000.0,41,111111111111110111111111111111111111111111,14:centered_abs_gt_500uV|p2p_gt_1000uV|step_gt_200uV,200,132,200,200,200,200,True,,
sub-494,23806896,1000.0,42,111111111111111111111111111111111111111111,,200,171,200,200,200,200,True,,
sub-495,23936896,1000.0,42,111111111111111111111111111111111111111111,,200,173,200,200,200,200,True,,
sub-496,23806896,1000.0,42,111111111111111111111111111111111111111111,,200,165,200,200,200,200,True,,
sub-497,24066896,1000.0,42,111111111111111111111111111111111111111111,,200,157,200,200,200,200,True,,
sub-498,24066896,1000.0,42,111111111111111111111111111111111111111111,,200,172,200,200,200,200,True,,
sub-499,24196896,1000.0,42,111111111111111111111111111111111111111111,,200,167,200,200,200,200,True,,
sub-500,23806896,1000.0,42,111111111111111111111111111111111111111111,,200,171,200,200,200,200,True,,
sub-501,23676896,1000.0,42,111111111111111111111111111111111111111111,,200,171,200,200,200,200,True,,
sub-502,25106896,1000.0,42,111111111111111111111111111111111111111111,,200,168,200,200,200,200,True,,
sub-503,26016896,1000.0,42,111111111111111111111111111111111111111111,,200,168,200,200,200,200,True,,
sub-504,24066896,1000.0,42,111111111111111111111111111111111111111111,,200,172,200,200,200,200,True,,
sub-505,23936896,1000.0,42,111111111111111111111111111111111111111111,,200,166,200,200,200,200,True,,
sub-506,24326896,1000.0,42,111111111111111111111111111111111111111111,,200,168,200,200,200,200,True,,
sub-507,23936896,1000.0,42,111111111111111111111111111111111111111111,,200,167,200,200,200,200,True,,
sub-508,24456896,1000.0,42,111111111111111111111111111111111111111111,,200,178,200,200,200,200,True,,
sub-509,24456896,1000.0,42,111111111111111111111111111111111111111111,,200,153,200,200,200,200,True,,
sub-510,26276896,1000.0,42,111111111111111111111111111111111111111111,,200,170,200,200,200,200,True,,
sub-511,24066896,1000.0,42,111111111111111111111111111111111111111111,,200,170,200,200,200,200,True,,
sub-512,24066896,1000.0,41,111111111111111011111111111111111111111111,15:step_gt_200uV,200,140,200,200,200,200,True,,
sub-513,24196896,1000.0,42,111111111111111111111111111111111111111111,,200,171,200,200,200,200,True,,
sub-514,23936896,1000.0,42,111111111111111111111111111111111111111111,,200,169,200,200,200,200,True,,
sub-515,24066896,1000.0,42,111111111111111111111111111111111111111111,,200,161,200,200,200,200,True,,
sub-516,25366896,1000.0,42,111111111111111111111111111111111111111111,,200,166,200,200,200,200,True,,
sub-517,25236896,1000.0,42,111111111111111111111111111111111111111111,,200,170,200,200,200,200,True,,
sub-518,26666896,1000.0,42,111111111111111111111111111111111111111111,,200,168,200,200,200,200,True,,
sub-519,23936896,1000.0,42,111111111111111111111111111111111111111111,,200,168,200,200,200,200,True,,
sub-520,23936896,1000.0,42,111111111111111111111111111111111111111111,,200,162,200,200,200,200,True,,
sub-522,25886896,1000.0,42,111111111111111111111111111111111111111111,,200,169,200,200,200,200,True,,
sub-523,23676896,1000.0,42,111111111111111111111111111111111111111111,,200,165,200,200,200,200,True,,
sub-524,23936896,1000.0,42,111111111111111111111111111111111111111111,,200,170,200,200,200,200,True,,
sub-525,23806896,1000.0,42,111111111111111111111111111111111111111111,,200,171,200,200,200,200,True,,
sub-526,25236896,1000.0,35,111111100001111101111111111011111101111111,7:centered_abs_gt_500uV|p2p_gt_1000uV;8:centered_abs_gt_500uV|p2p_gt_1000uV;9:centered_abs_gt_500uV;10:centered_abs_gt_500uV;16:centered_abs_gt_500uV|p2p_gt_1000uV;27:centered_abs_gt_500uV|p2p_gt_1000uV|step_gt_200uV;34:centered_abs_gt_500uV,0,0,200,200,200,200,False,insufficient_legal_draw_support,
sub-527,23806896,1000.0,42,111111111111111111111111111111111111111111,,200,166,200,200,200,200,True,,
sub-528,24326896,1000.0,42,111111111111111111111111111111111111111111,,200,167,200,200,200,200,True,,
sub-529,23806896,1000.0,42,111111111111111111111111111111111111111111,,200,168,200,200,200,200,True,,
sub-530,26536896,1000.0,42,111111111111111111111111111111111111111111,,200,160,200,200,200,200,True,,
sub-531,23806896,1000.0,42,111111111111111111111111111111111111111111,,200,165,200,200,200,200,True,,
sub-532,23806896,1000.0,42,111111111111111111111111111111111111111111,,200,162,200,200,200,200,True,,
sub-533,23936896,1000.0,42,111111111111111111111111111111111111111111,,200,158,200,200,200,200,True,,
sub-534,23806896,1000.0,42,111111111111111111111111111111111111111111,,200,166,200,200,200,200,True,,
sub-535,24716896,1000.0,42,111111111111111111111111111111111111111111,,200,163,200,200,200,200,True,,
sub-536,24196896,1000.0,42,111111111111111111111111111111111111111111,,200,170,200,200,200,200,True,,
sub-537,23806896,1000.0,42,111111111111111111111111111111111111111111,,200,173,200,200,200,200,True,,
sub-538,23676896,1000.0,42,111111111111111111111111111111111111111111,,200,173,200,200,200,200,True,,
sub-539,23936896,1000.0,42,111111111111111111111111111111111111111111,,200,170,200,200,200,200,True,,
sub-540,25236896,1000.0,42,111111111111111111111111111111111111111111,,200,157,200,200,200,200,True,,
sub-541,23806896,1000.0,42,111111111111111111111111111111111111111111,,200,165,200,200,200,200,True,,
sub-543,24196896,1000.0,42,111111111111111111111111111111111111111111,,200,174,200,200,200,200,True,,
sub-544,23806896,1000.0,42,111111111111111111111111111111111111111111,,200,164,200,200,200,200,True,,
sub-545,23936896,1000.0,42,111111111111111111111111111111111111111111,,200,177,200,200,200,200,True,,
sub-546,23806896,1000.0,42,111111111111111111111111111111111111111111,,200,170,200,200,200,200,True,,
sub-547,24716896,1000.0,42,111111111111111111111111111111111111111111,,200,164,200,200,200,200,True,,
sub-548,23676896,1000.0,42,111111111111111111111111111111111111111111,,200,168,200,200,200,200,True,,
sub-549,23936896,1000.0,42,111111111111111111111111111111111111111111,,200,173,200,200,200,200,True,,
sub-550,23676896,1000.0,42,111111111111111111111111111111111111111111,,200,169,200,200,200,200,True,,
sub-551,23806896,1000.0,42,111111111111111111111111111111111111111111,,200,164,200,200,200,200,True,,
sub-552,23806896,1000.0,40,111111111011111101111111111111111111111111,9:step_gt_200uV;16:step_gt_200uV,147,39,200,200,200,200,False,insufficient_legal_draw_support,
sub-553,23676896,1000.0,42,111111111111111111111111111111111111111111,,200,161,200,200,200,200,True,,
sub-554,24326896,1000.0,41,111111111111111111111111111101111111111111,28:centered_abs_gt_500uV|p2p_gt_1000uV|step_gt_200uV,200,132,200,200,200,200,True,,
sub-555,23936896,1000.0,42,111111111111111111111111111111111111111111,,200,168,200,200,200,200,True,,
sub-556,36026896,1000.0,42,111111111111111111111111111111111111111111,,200,168,200,200,200,200,True,,
sub-557,23676896,1000.0,42,111111111111111111111111111111111111111111,,200,163,200,200,200,200,True,,
sub-558,23806896,1000.0,42,111111111111111111111111111111111111111111,,200,169,200,200,200,200,True,,
sub-559,23546896,1000.0,42,111111111111111111111111111111111111111111,,200,172,200,200,200,200,True,,
sub-560,23936896,1000.0,42,111111111111111111111111111111111111111111,,200,164,200,200,200,200,True,,
sub-561,23936896,1000.0,42,111111111111111111111111111111111111111111,,200,155,200,200,200,200,True,,
sub-562,23806896,1000.0,42,111111111111111111111111111111111111111111,,200,161,200,200,200,200,True,,
sub-563,24326896,1000.0,42,111111111111111111111111111111111111111111,,200,168,200,200,200,200,True,,
sub-564,24066896,1000.0,42,111111111111111111111111111111111111111111,,200,168,200,200,200,200,True,,
sub-566,24066896,1000.0,42,111111111111111111111111111111111111111111,,200,176,200,200,200,200,True,,
sub-567,23806896,1000.0,42,111111111111111111111111111111111111111111,,200,166,200,200,200,200,True,,
sub-568,23936896,1000.0,42,111111111111111111111111111111111111111111,,200,173,200,200,200,200,True,,
sub-569,23806896,1000.0,42,111111111111111111111111111111111111111111,,200,165,200,200,200,200,True,,
sub-570,23676896,1000.0,42,111111111111111111111111111111111111111111,,200,164,200,200,200,200,True,,
sub-571,23806896,1000.0,42,111111111111111111111111111111111111111111,,200,173,200,200,200,200,True,,
sub-572,24196896,1000.0,42,111111111111111111111111111111111111111111,,200,163,200,200,200,200,True,,
sub-573,23806896,1000.0,42,111111111111111111111111111111111111111111,,200,170,200,200,200,200,True,,
sub-574,23936896,1000.0,42,111111111111111111111111111111111111111111,,200,168,200,200,200,200,True,,
sub-576,24196896,1000.0,42,111111111111111111111111111111111111111111,,200,175,200,200,200,200,True,,
sub-577,23806896,1000.0,42,111111111111111111111111111111111111111111,,200,167,200,200,200,200,True,,
sub-578,24586896,1000.0,42,111111111111111111111111111111111111111111,,200,163,200,200,200,200,True,,
sub-580,23806896,1000.0,42,111111111111111111111111111111111111111111,,200,175,200,200,200,200,True,,
sub-581,33036896,1000.0,42,111111111111111111111111111111111111111111,,200,170,200,200,200,200,True,,
sub-583,24066896,1000.0,42,111111111111111111111111111111111111111111,,200,173,200,200,200,200,True,,
sub-584,23806896,1000.0,42,111111111111111111111111111111111111111111,,200,170,200,200,200,200,True,,
sub-585,24196896,1000.0,42,111111111111111111111111111111111111111111,,200,154,200,200,200,200,True,,
sub-586,23936896,1000.0,42,111111111111111111111111111111111111111111,,200,171,200,200,200,200,True,,
sub-587,23936896,1000.0,42,111111111111111111111111111111111111111111,,200,166,200,200,200,200,True,,
sub-588,24326896,1000.0,42,111111111111111111111111111111111111111111,,200,167,200,200,200,200,True,,
sub-589,23676896,1000.0,42,111111111111111111111111111111111111111111,,200,164,200,200,200,200,True,,
sub-591,24196896,1000.0,42,111111111111111111111111111111111111111111,,200,161,200,200,200,200,True,,
sub-592,23806896,1000.0,42,111111111111111111111111111111111111111111,,200,173,200,200,200,200,True,,
sub-593,23936896,1000.0,42,111111111111111111111111111111111111111111,,200,167,200,200,200,200,True,,
sub-594,23936896,1000.0,42,111111111111111111111111111111111111111111,,200,162,200,200,200,200,True,,
sub-595,23676896,1000.0,42,111111111111111111111111111111111111111111,,200,177,200,200,200,200,True,,
sub-597,24196896,1000.0,42,111111111111111111111111111111111111111111,,200,166,200,200,200,200,True,,
sub-598,23806896,1000.0,42,111111111111111111111111111111111111111111,,200,163,200,200,200,200,True,,
sub-599,24716896,1000.0,42,111111111111111111111111111111111111111111,,200,173,200,200,200,200,True,,
sub-600,25366896,1000.0,42,111111111111111111111111111111111111111111,,200,168,200,200,200,200,True,,
sub-601,24326896,1000.0,42,111111111111111111111111111111111111111111,,200,165,200,200,200,200,True,,
sub-603,24196896,1000.0,42,111111111111111111111111111111111111111111,,200,167,200,200,200,200,True,,
sub-604,23936896,1000.0,39,101111111111111111111111111111111111111001,1:centered_abs_gt_500uV;39:centered_abs_gt_500uV|p2p_gt_1000uV;40:centered_abs_gt_500uV|p2p_gt_1000uV,200,149,200,200,200,200,True,,
sub-605,23806896,1000.0,42,111111111111111111111111111111111111111111,,200,161,200,200,200,200,True,,
sub-606,23936896,1000.0,42,111111111111111111111111111111111111111111,,200,162,200,200,200,200,True,,
sub-607,23936896,1000.0,42,111111111111111111111111111111111111111111,,200,165,200,200,200,200,True,,
