participant_id,sampling_hz,eligible_cell_count,eligible_mask,C_valid_draws,F5_valid_draws,F10_valid_draws,qc_schedule_eligible,exclusion_reason
sub-01,500.0,42,111111111111111111111111111111111111111111,200,200,200,True,
sub-02,500.0,42,111111111111111111111111111111111111111111,200,200,200,True,
sub-03,500.0,39,111111111111111111111111111111110110110111,200,200,200,True,
sub-04,500.0,42,111111111111111111111111111111111111111111,200,200,200,True,
sub-05,500.0,42,111111111111111111111111111111111111111111,200,200,200,True,
sub-06,500.0,42,111111111111111111111111111111111111111111,200,200,200,True,
sub-07,500.0,42,111111111111111111111111111111111111111111,200,200,200,True,
sub-08,500.0,42,111111111111111111111111111111111111111111,200,200,200,True,
sub-09,500.0,42,111111111111111111111111111111111111111111,200,200,200,True,
sub-10,500.0,42,111111111111111111111111111111111111111111,200,200,200,True,
sub-11,500.0,41,111111111111111111111111111111111111101111,200,200,200,True,
sub-12,500.0,42,111111111111111111111111111111111111111111,200,200,200,True,
sub-13,500.0,42,111111111111111111111111111111111111111111,200,200,200,True,
sub-14,500.0,42,111111111111111111111111111111111111111111,200,200,200,True,
sub-15,500.0,42,111111111111111111111111111111111111111111,200,200,200,True,
sub-16,500.0,41,011111111111111111111111111111111111111111,200,200,200,True,
sub-17,500.0,42,111111111111111111111111111111111111111111,200,200,200,True,
sub-18,500.0,41,110111111111111111111111111111111111111111,200,200,200,True,
sub-19,500.0,42,111111111111111111111111111111111111111111,200,200,200,True,
sub-20,500.0,42,111111111111111111111111111111111111111111,200,200,200,True,
sub-21,500.0,42,111111111111111111111111111111111111111111,200,200,200,True,
sub-22,500.0,42,111111111111111111111111111111111111111111,200,200,200,True,
sub-23,500.0,42,111111111111111111111111111111111111111111,200,200,200,True,
sub-24,500.0,42,111111111111111111111111111111111111111111,200,200,200,True,
sub-25,500.0,42,111111111111111111111111111111111111111111,200,200,200,True,
sub-26,500.0,42,111111111111111111111111111111111111111111,200,200,200,True,
sub-27,500.0,42,111111111111111111111111111111111111111111,200,200,200,True,
sub-28,500.0,42,111111111111111111111111111111111111111111,200,200,200,True,
sub-29,500.0,42,111111111111111111111111111111111111111111,200,200,200,True,
sub-30,500.0,40,111110011111111111111111111111111111111111,200,200,200,True,
sub-31,500.0,41,111111111111111111111111110111111111111111,200,200,200,True,
sub-32,500.0,42,111111111111111111111111111111111111111111,200,200,200,True,
sub-33,500.0,42,111111111111111111111111111111111111111111,200,200,200,True,
sub-34,500.0,42,111111111111111111111111111111111111111111,200,200,200,True,
sub-35,500.0,42,111111111111111111111111111111111111111111,200,200,200,True,
sub-36,500.0,42,111111111111111111111111111111111111111111,200,200,200,True,
sub-37,500.0,42,111111111111111111111111111111111111111111,200,200,200,True,
sub-38,500.0,42,111111111111111111111111111111111111111111,200,200,200,True,
sub-39,500.0,41,111111111111111111111111111111111111111110,200,200,200,True,
sub-40,500.0,42,111111111111111111111111111111111111111111,200,200,200,True,
sub-41,500.0,42,111111111111111111111111111111111111111111,200,200,200,True,
sub-42,500.0,42,111111111111111111111111111111111111111111,200,200,200,True,
sub-43,500.0,27,001010111110100111011111011111110011110000,0,0,0,False,insufficient_legal_draw_support
sub-44,500.0,42,111111111111111111111111111111111111111111,200,200,200,True,
sub-45,500.0,42,111111111111111111111111111111111111111111,200,200,200,True,
sub-46,500.0,42,111111111111111111111111111111111111111111,200,200,200,True,
sub-47,500.0,42,111111111111111111111111111111111111111111,200,200,200,True,
sub-48,500.0,42,111111111111111111111111111111111111111111,200,200,200,True,
sub-49,500.0,42,111111111111111111111111111111111111111111,200,200,200,True,
sub-50,500.0,42,111111111111111111111111111111111111111111,200,200,200,True,
sub-51,500.0,42,111111111111111111111111111111111111111111,200,200,200,True,
sub-52,500.0,42,111111111111111111111111111111111111111111,200,200,200,True,
sub-53,500.0,42,111111111111111111111111111111111111111111,200,200,200,True,
sub-54,500.0,42,111111111111111111111111111111111111111111,200,200,200,True,
sub-55,500.0,42,111111111111111111111111111111111111111111,200,200,200,True,
sub-56,500.0,42,111111111111111111111111111111111111111111,200,200,200,True,
sub-57,500.0,42,111111111111111111111111111111111111111111,200,200,200,True,
sub-58,500.0,42,111111111111111111111111111111111111111111,200,200,200,True,
sub-59,500.0,42,111111111111111111111111111111111111111111,200,200,200,True,
sub-60,500.0,42,111111111111111111111111111111111111111111,200,200,200,True,
